Order ID,Username,Product,Price,Qty,Order Date
657696d46d01a219c1ef6bcb,,,,,Mon Dec 11 2023 10:27:56 GMT+0530 (India Standard Time)
657696e96d01a219c1ef6bf9,,,,,Mon Dec 11 2023 10:28:17 GMT+0530 (India Standard Time)
657697306d01a219c1ef6c3e,,,,,Mon Dec 11 2023 10:29:28 GMT+0530 (India Standard Time)
657697666d01a219c1ef6c80,,,,,Mon Dec 11 2023 10:30:22 GMT+0530 (India Standard Time)
6576accb154786c1e512f8ab,,,,,Mon Dec 11 2023 12:01:39 GMT+0530 (India Standard Time)
6578433a55fe9d016b52c7cc,,,,,Tue Dec 12 2023 16:55:46 GMT+0530 (India Standard Time)
6578437755fe9d016b52c7fc,,,,,Tue Dec 12 2023 16:56:47 GMT+0530 (India Standard Time)
657b047cfa29827b3f83af4a,,,,,Thu Dec 14 2023 19:04:52 GMT+0530 (India Standard Time)
657b0675ea7f82ffd39ec729,,,,,Thu Dec 14 2023 19:13:17 GMT+0530 (India Standard Time)
658162fcd76a3689b8b55f31,,,,,Tue Dec 19 2023 15:01:40 GMT+0530 (India Standard Time)
658181cc5a7369df199ce861,,,,,Tue Dec 19 2023 17:13:08 GMT+0530 (India Standard Time)
658594c43d9963e2ad7d90c0,,,,,Fri Dec 22 2023 19:23:08 GMT+0530 (India Standard Time)
65859c9f3d9963e2ad7d92f0,,,,,Fri Dec 22 2023 19:56:39 GMT+0530 (India Standard Time)
658abe4d2320142e14c8b509,,,,,Tue Dec 26 2023 17:21:41 GMT+0530 (India Standard Time)
658ac8f87cf406ac2ec4a80d,,,,,Tue Dec 26 2023 18:07:12 GMT+0530 (India Standard Time)
658acb2fe1e1155816db6102,,,,,Tue Dec 26 2023 18:16:39 GMT+0530 (India Standard Time)
